question,answer
Who is the translator of the Bhagavad Gita edition mentioned?,Edwin Arnold
When was the Bhagavad Gita by Vyasa originally published?,300 B.C.
Where can the book be downloaded from?,www.aliceandbooks.com
What is the title of Chapter 1 in the Bhagavad Gita?,Of the Distress of Arjuna
How is the theme of Chapter 18 described in the Bhagavad Gita?,Of Religion by Deliverance and Renunciation
What is the focus of Chapter 12 in the Bhagavad Gita?,Of the Religion of Faith
Where did the battle described in the Bhagavad Gita take place?,On the sacred plain of Kurukshetra
Who did Raja Duryodhana approach for a discussion when he saw the Pandavas' army?,Drona
Why did Raja Duryodhana express concern to Drona?,Because of the vast line of Pandu fighting-men\, embattled by the son of Drupada\, Dronas scholar in war
Who are some of the chiefs mentioned that are eminent warriors on Arjuna's side?,Arjuna\, Bhima\, Virata\, Yuyudhan\, Drupada\, Dhrishtaket\, Chekitan\, Kasis lord\, Purujit\, Kuntibhoj\, and Saivya
What notable relationship does Subhadra's child have in relation to the other warriors?,Subhadras child is mentioned among other famed warriors
Why are all the warriors described as famed and mounted on their shining chariots?,They are recognized for their eminence and readiness for battle
Who is listed first among the chiefs and commanders mentioned?,thyself
Why do the warriors mentioned in the text seem ready to die?,For their king
What is the perceived strength of Bhima in the battle according to the text?,too strong
What did the aged king signal for?,He signaled to blow the great Conch.
How is the sound of the great Conch described?,The sound is described as rolling around like a lions roar.
What instruments joined in the clamour following the Conch's blow?,Trumpets\, drums\, cymbals\, gongs\, and horns joined in the clamour.
Who was seen on the car of gold yoked with white steeds?,Krishna the God and Arjuna
What did Arjuna blow during the battle?,Indras loud gift
What name was given to the conch blown by Nakula?,Sweet-sounding
Who spoke to Krishna and asked him to drive?,Arjun
What was the ensign-badge of Arjun?,Hanuman the monkey
How did the allies' clamor affect their enemies?,It shook their foemens hearts\, with quaking earth and thundering heaven
Who requested to be taken to the open ground between the armies?,Arjuna
What is the reason Arjuna wants to go to the open ground?,He wants to see more closely those who will fight with them and those they must slay in war.
Who are the leaders of the army where the charioteer drove Arjuna?,Bhishma and Drona
Who spoke to Arjuna about the presence of his kindred?,He
What was Arjuna's reaction upon seeing his kinsmen prepared for battle?,Arjunas heart melted with pity
Who are included among Arjuna's kindred mentioned in the text?,Grandsires and sires\, uncles and brothers and sons\, cousins and sons-in-law and nephews
What physical reactions does the speaker experience as he observes the gathering?,His members fail\, his tongue dries\, a shudder thrills his body\, his hair bristles with horror\, and a fever burns his skin.
What happens to the speaker's weapon as he watches the scene?,Gandiv\, the goodly bow\, slips from his weak hand.
What is the speaker's outlook on the consequences of the conflict?,He foresees nothing but woe and wail\, and believes no good can spring from mutual slaughter.
What emotions does the speaker express towards triumph and domination?,The speaker expresses hatred towards triumph and domination.
Why does wealth and ease appear unappealing to the speaker?,Wealth and ease appear unappealing to the speaker because they are sadly won.
Who are identified as being ready to die\, causing the speaker to question the value of victory?,Grandsires\, sires\, sons\, brothers\, fathers-in-law\, sons-in-law\, elders\, and friends are identified as being ready to die.
What is the speaker's concern about killing those who seek to slay them?,Killing these must breed but anguish\, and their sins will light on the speaker and their kin.
Why does the speaker refuse to fight for the rule of all Three Worlds?,The speaker believes not one blow should be struck to gain the rule of all Three Worlds\, much less to seize an earthly kingdom.
What consequence does the speaker foresee if they slay the sons of Dhritirashtra and their kin?,The speaker foresees that they will grow guilty by their deaths\, and there will be no peace from such actions.
What emotions are mentioned as blinding individuals in the text?,Lust and wrath
What are the consequences of being blinded by lust and wrath according to the text?,These individuals cannot see or will not see the sin of kingly lines overthrown and kinsmen slain
To whom is the speaker directing their words in the text?,Janardana
What consequences are described when household piety perishes due to the overthrow of houses?,Piety becomes extinct\, impiety enters the home\, women grow unwomaned\, mad passions arise\, and castes mix up.
Why do the souls of honoured ancestors fall from their place of peace?,They are bereft of funeral-cakes and the wan death-water.
What effect does the mingling-up of castes have on a family\, according to the text?,It sends the family on a Hell-ward road.
Why does Arjuna consider it better to face his kinsmen weaponless?,Because he thinks it is an evil fault to slay kinsfolk and friends for love of earthly power.
What is Arjuna's reaction in the face of the two armies?,Arjuna sank upon his chariot-seat and let fall his bow and arrows\, sick at heart.
What is the title of the first chapter of the Bhagavad Gita mentioned in the text?,Arjun-Vishad\, or The Book of the Distress of Arjuna
Who addressed Arjuna with stern words?,The Driver\, Madhusudan\, Krishna
What emotional state was Arjuna in when Krishna spoke to him?,Filled with compassion and grief\, eyes tear-dimmed\, despondent
Why did Krishna criticize Arjuna's feelings of weakness?,It was shameful to the brave\, barred the path of virtue\, and marred his warrior-name
What is considered better than tasting blood in rich feasts according to the text?,Better to live on beggars bread with those we love alive
What is the emotional consequence of surviving after others' deaths mentioned in the text?,Guiltily survive
Why is it uncertain whether being victor or vanquished is worse?,Because those confront us angrily whose death leaves living drear
Who did Arjuna turn to for guidance and reverence in his time of doubt?,Thee\, the Guide
What decision did Arjuna make after expressing his grief and confusion?,I will not fight
Why was Arjuna feeling lost and distracted?,He was lost in pity and tossed by doubtings
Who speaks to the despairing Prince with a tender smile in the Bhagavad Gita?,Krishna
What is Krishnas response to the Princes grief in the Bhagavad Gita?,Thou grievest where no grief should be! thou speakst Words lacking wisdom! for the wise in heart Mourn not for those that live\, nor those that die.
How does Krishna describe the eternal nature of life?,Nor I\, nor thou\, nor any one of these\, Ever was not\, nor ever will not be\, For ever and for ever afterwards. All\, that doth live\, lives always!
What are the stages of man's frame mentioned in the text?,infancy\, youth\, and age
Why do the wise not fear the cycle of life according to the text?,Because they know of the raisings-up and layings-down of other life-abodes
How should one bear the sensations of heat\, cold\, sorrows\, and joys as advised in the text?,Indifferently\, with a strong and constant calm
What is the nature of life as described in the Bhagavad Gita?,Indestructible\, spreading life through all; It cannot anywhere\, by any means\, be anywise diminished\, stayed\, or changed.
What happens to the fleeting frames mentioned in the text?,They perish.
Why does the speaker in the Bhagavad Gita urge the Prince to fight?,Because the spirit that informs the fleeting frames is deathless\, endless\, infinite.
What does the text say about the nature of the spirit?,The spirit is birthless\, deathless\, and changeless and remains forever.
Why does the text state that death has not touched the spirit?,Death hath not touched it at all\, dead though the house of it seems.
What is the text's perspective on the concepts of end and beginning?,End and Beginning are dreams.
What does the text say about the nature of the spirit in terms of its vulnerability to physical elements?,Weapons reach not the Life; Flame burns it not\, waters cannot oerwhelm\, Nor dry winds wither it.
Why might someone who understands the spirit as immortal and indestructible question the act of killing?,Because they see the spirit as merely changing its form\, like changing worn-out robes for new ones\, and thus not truly dying.
How does the text describe the transition of the spirit from one body to another?,The spirit lightly puts by its garb of flesh and passes to inherit a residence afresh.
What qualities are used to describe the Soul in the text?,Impenetrable\, Unentered\, unassailed\, unharmed\, untouched\, Immortal\, all-arriving\, stable\, sure\, Invisible\, ineffable\, by word and thought uncompassed\, ever all itself.
Why does the speaker suggest that one should not grieve over death?,Because the Soul is declared as immortal and ever all itself\, thus knowing it so implies there is no need to grieve.
What is described as the natural cycle of birth and death?,The end of birth is death and the end of death is birth; this cycle is ordained.
What does the Chief of the stalwart arm mourn about?,He mourns for what befalls which could not otherwise befall.
Why does the text suggest there is no need for sorrow in the birth and death of living things?,Because the birth of living things comes unperceived and the death comes unperceived\, with beings only perceiving the time between them.
How is the process of seeing\, saying\, and hearing described?,It is described as a marvel that man does not comprehend when seeing\, saying\, and hearing are done.
What does the text suggest is inherent within all living things?,Life
Why should the Prince not suffer according to the text?,Because he should scorn to suffer for that which cannot suffer
What is described as a gateway unto Heaven for the warrior?,Lawful war
What will happen if the Kshattriya shuns the honourable field?,That shall be sin and he will be spoken of with infamy from age to age.
Why is infamy considered worse than death for men of noble blood?,Infamy is worse for men of noble blood to bear than death.
What will the chiefs upon their battle-chariots think if the Kshattriya flees the battle?,They will deem it was fear that drove him from the fray.
What will happen to the scorned person if they are killed?,They will win Swargas safety
What consequences are described if one does not fight?,Their enemies will mock their valour and scatter bitter speech
What are the two possible outcomes for the person if they choose to fight?,Either they will win safety in Swarga if killed\, or reign as an earthly king if alive and victor
What should one be indifferent to according to the text?,One should be indifferent to pleasure or pain\, profit or ruin\, victory or defeat.
What is the result of understanding and holding the deeper teaching of the Yog?,Understanding and holding the deeper teaching of the Yog results in bursting the Karmabandh\, the bondage of wrought deeds.
How does the speaker initially address the listener in the text?,The speaker initially addresses the listener unspiritually\, from the perspective of the Sankhya.
What is the one steadfast rule mentioned in the text?,Here\, Glory of the Kurus! shines one rule
What will save thee from the anguish of thy dread according to the text?,a little faith
How are the laws for shifting souls described?,Many and hard
What is the view of those who strictly adhere to the Vedas according to the text?,They deem the letter of the Vedas as all they need\, being weak at heart and seekers of Heaven.
Why do the ill-taught ones promise men profit in new births?,They promise profit in new births for works of faith and various rites which they believe will accrue large merit towards wealth and power.
What is the consequence of desiring wealth and power according to the text?,Those who most desire wealth and power have the least fixity of soul and the least hold on heavenly meditation.
What should one be free from according to the text?,One should be free of the three qualities\, free of the pairs of opposites\, and free from that sad righteousness which calculates.
How should Arjuna conduct himself as advised in the text?,Arjuna should be self-ruled\, simple\, and satisfied.
What is the recommended motivation for doing right deeds according to the text?,The recommended motivation for doing right deeds is the deeds themselves\, not the fruit which comes from them.
What does the text suggest one should make their acts equivalent to?,Thy piety
What should one seek refuge in according to the text?,thy soul
How should one regard the acts of good deeds and bad deeds\, based on the text?,Casts equally aside good deeds and bad
What should one devote themselves to according to the text?,pure devotion
What is the result of perfect meditation as described in the text?,perfect act
Why do the righthearted rise more certainly?,because they seek no gain
What allows a person to live safe and sure according to the text?,Being no longer troubled by the priestly lore and steadfastly bent on meditation allows a person to live safe and sure.
What does Krishna say is the mark of a person who has attained Yog?,A person who\, abandoning desires which shake the mind and finds full comfort for his soul in his soul\, has attained the Yog.
How does Arjuna describe a person with a steadfast heart?,Arjuna asks how one can know the speech of a person with a steadfast heart and whether he sits or moves like other men.
What emotional states does the true Recluse avoid?,Passion\, fear\, and anger
How does a true Recluse react to sorrows and joys?,Not dejected in sorrows and not overjoyed in joys
In what is the true Recluse fixed?,Lofty contemplation
Who bears wisdom's plainest mark according to the text?,He who to none and nowhere overbound by ties of flesh\, takes evil things and good neither desponding nor exulting
What does the wise tortoise do with its four feet?,Draws its four feet safe under its shield
How should one draw their five frail senses back according to the text?,Under the spirits buckler from the world which else assails them
What happens to the appetites of someone who lives beyond sensual desires according to the Bhagavad Gita?,The appetites depart and are aroused no more.
What should a person do if their self-control is uprooted by the sense-storms?,They should regain their kingdom and conquer self-control.
According to the text\, who is considered wise?,The man who keeps the mastery of himself is considered wise.
What is the consequence of pondering on objects of the sense according to the Bhagavad Gita?,Attraction grows\, which leads to desire\, then to fierce passion\, recklessness\, betrayal of memory\, loss of noble purpose\, and sapping of the mind.
How does the Bhagavad Gita suggest one should deal with objects of the sense?,Not loving and not hating\, making them serve his free soul.
What happens to a person who lets their memory be betrayed by recklessness?,They let noble purpose go and it saps the mind\, till purpose\, mind\, and man are all undone.
What is the result of the will being governed according to the text?,The soul is set at peace.
Why does the soul of the ungoverned not belong to him?,Because he lacks knowledge of himself.
What happens to the mind that gives itself to follow shows of sense?,Its helm of wisdom is rent away\, and it drives to wreck and death like a ship in waves of whirlwind.
Who shows perfect wisdom according to the text?,He whose senses are not swayed by things of sense and who holds his mastery.
What does midnight-gloom represent to unenlightened souls in the text?,Midnight-gloom represents wakeful day to unenlightened souls.
How does the true-seeing eyes of the Saint perceive what seems as wakeful day?,It is known for night\, thick night of ignorance.
What is compared to the ocean in the text?,The perfect ones soul
How does the ocean maintain its boundary-line despite receiving floods from all lands?,It is fed by the rivers but unswelled by those
What effect do the streams of witchery from the world of sense have on the perfect one?,They leave him as they find him\, without commotion
What state does one reach by shaking off the yoke of flesh and being free from pride\, passion\, and the sin of Self?,The state of Brahm
What does one attain upon reaching the state described\, irrespective of where they live or when they die?,Blest Nirvana\, with the Gods
What is the title of Chapter II of the Bhagavad-Gita?,Sankhya-Yog\, or The Book of Doctrines
Who is being addressed as thou whom all mortals praise in the text?,Janardana
What does the speaker find nobler than action?,Meditation
How many schools of wisdom are shown to this world according to Krishna?,Two
What are the two paths to salvation mentioned in the text?,The Sankhyas and the Yog
Why does the text state that no man can achieve perfection by mere renouncements?,Because no man can escape from action by shunning action
What compels a person into action according to the text?,His natures law
What does the text describe as the behavior of a hypocrite?,Suppressing all the instruments of flesh while thinking on them in his idle heart
How can one be considered honorable according to the text?,By serving mind with strong body\, giving up mortal powers to worthy work\, and not seeking gain
Why is work deemed more excellent than idleness in the text?,Because the bodys life proceeds not\, lacking work
What type of task is described as not binding the faithful soul?,A task of holiness
What was created along with mankind in the beginning according to Prajapati?,The sacrifice
What does Prajapati refer to as Kamaduk and what is its purpose?,Kamaduk is referred to as the Cow of Plenty\, giving back her milk of all abundance to support worship and reciprocation of grace from the gods
Who will the gods grant meats to according to the Bhagavad Gita?,The gods will grant meats to those who pay tithes in the altar-flame through their labour.
What happens to those who eat of food after their sacrifice?,They are quit of fault.
What do those who feast only for themselves consume according to the text?,They eat sin and drink of sin.
What is the source of food according to the text?,Food comes of rain
How is rain produced?,Rain comes by the pious sacrifice
What are the consequences of abstaining from helping the world as described in the text?,Living a lost life\, shameful and vain
What is the state of being of the person described in the text?,Existing for himself\, Self-concentrated\, serving self alone
Why should one perform their prescribed task with spirit unattached?,Since in performance of plain duty man mounts to his highest bliss
How did Janak and ancient saints achieve blessedness?,By works alone
What consequence does the speaker foresee if they do not act earnestly and watchfully?,Those that look to the speaker for guidance would sink back to sloth and decline from good\, resulting in the breaking of earths order and committing her offspring unto ruin.
Why does the speaker still act despite not being bound to any toil\, having no heights to scale\, or any gifts to gain?,The speaker acts to set an example for others who look to them for guidance\, to prevent them from sinking back into sloth and declining from good.
Who is being addressed as Thou Son of Pritha in the text?,The speaker is addressing Bharata.
What should the enlightened do according to the Bhagavad Gita?,The enlightened should toil sense-freed\, but set to bring the world deliverance and its bliss.
Why should the enlightened not sow seeds of despair in simple\, busy hearts?,Because they should play their part in all they find to do\, with an unyoked soul.
What does the fool believe about his actions?,The fool thinks This I did and That I wrought.
What does a better-lessoned mind understand about the world of sense?,A better-lessoned mind understands the play of visible things within the world of sense\, and how the qualities must qualify.
How does the text describe the behavior of the untaught?,The untaught live mixed with the acts of nature\, knowing not Natures way\, of highest aims unwitting\, slow and dull.
What are the characteristics of someone who acts for My sake\, according to the text?,They discharge all their duties\, center their meditation inwardly\, seek no profit\, are satisfied\, serene and heedless of the issue.
What do those who keep the ordinance receive?,Quittance from all issue of their acts
What happens to those who disregard the ordinance?,They fall to loss\, confused and foolish
How are wise individuals described in the text?,Wise and willing hearts
What does the enlightened man know about the objects of the sense?,The enlightened man knows that the objects of the sense are enemies.
Why should one perform their own duty according to the text?,One should perform their own duty even if they fail because it is better than taking on tasks that are not their own.
What force does Krishna attribute to driving a man to ill actions?,Krishna attributes kama as the force that drives a man to ill actions.
What is described as being born of the Darknesses in the text?,Passion
What negative impacts does Passion have according to the text?,It pushes a person\, is sinful\, strong\, and acts as mans enemy.
How does the text describe the deceptive nature of passion?,Passion wears countless forms\, appears fair but is deceitful\, and is as subtle as a flame.
What does the text suggest governs the heart and constrains the senses?,The text suggests that one should govern their heart and constrain the entangled senses to resist sinfulness which affects knowledge and judgment.
Who is addressed as the noblest child of Bharata?,Thou (the reader or the protagonist of the Bhagavad Gita) is addressed as the noblest child of Bharata.
What is recommended to perceive the supreme ruler according to the text?,The text recommends putting forth the full force of Soul in ones own soul to perceive Him who reigns supreme.
What is the title of Chapter III of the Bhagavad Gita?,Karma-Yog\, Or The Book of Virtue in Work
Who did Krishna first teach the deathless Yoga to?,Vivaswata\, the Lord of Light
Why did the truth of the deathless Yoga grow dim and perish according to Krishna?,With years
Who is the speaker declaring the ancient lore to Arjuna?,Krishna
Why does Krishna believe Arjuna cannot comprehend his beginning?,Because Krishnas birth preceded Vivaswatas time and happened in the beginning
What does Krishna claim to know that Arjuna does not?,Krishna knows his own past births\, but Arjuna does not know his
Why does the speaker of the text take visible shape and move among men?,The speaker takes visible shape and moves among men to succour the good\, thrust back the evil\, and set Virtue on her seat again when Righteousness declines and Wickedness is strong.
What enables the speaker to come and go repeatedly?,The speaker is able to come and go by his magic\, which he stamps on floating Nature-forms.
Who is the speaker in the text?,The speaker is the Lord of all things living\, who describes himself as Unborn\, undying\, and indestructible.
Who comes to the speaker when they know the truth about his births and divine work?,He who knows the truth about the speakers births and divine work comes to him when he quits the flesh.
What happens to those who quit the flesh knowing the truth of the speaker's divine nature?,They put on the load of earthly birth no more and fall no more down to earthly birth.
How do the faithful purify themselves according to the text?,The faithful purify themselves by keeping their hearts fixed upon the speaker and being purified by the sacred flame of Knowledge.
Who created the Four Castes according to the text?,He made the Four Castes.
What happens to those who worship the speaker in the text?,They are exalted.
Why do works not soil the essence of the creator mentioned in the text?,Because the works are wrought uninvolved.
Who is unaffected by action according to the text?,The one who knows acting unchained by action.
What did the saints of old do to seek deliverance?,They worked\, perceiving that action binds not the one who knows it as unchained.
What will the speaker teach that helps in understanding which work saves?,The speaker will teach what is act and what inaction.
Who is considered wisest among his kind according to the Bhagavad Gita?,He who sees how action may be rest\, and rest action.
What qualities does the wise man possess according to the Bhagavad Gita?,Freed from prickings of desire\, burned clean in act by the white fire of truth\, and always content.
What do the wise call a man who renounces the fruit of deeds?,Wise
What state does the soul achieve when it quits fear and hope according to the Bhagavad Gita?,The soul becomes quit of fear and hope.
How does the individual described in the Bhagavad Gita respond to joy and grief?,The individual is unmoved by joy and grief.
What is the consequence of rejecting outward impulses and yielding only to body's needs?,The individual dwells sinless amid all sin and is not bound by the bond of deeds.
What is the state of a person whose work is described as a sacrifice?,Their crave is gone\, their soul is liberated\, and their heart is set on truth.
What does the work of sacrifice turn into?,It turns into ash and smoke consumed upon the altar.
Who attains Brahm according to the text?,He who meditates on Brahm while performing such office attains Brahm.
What do those who consume joys of the sense and delights of eye and ear in the white flame of continence forego?,Tender speech and sound of song
How do some individuals renounce the bliss of youth and love according to the text?,By kindling fires with torch of Truth and burning on a hidden altar-stone
What sacrifices do individuals make to enhance their spiritual growth as described in the text?,Their wealth\, penance\, meditation\, piety\, steadfast reading of the scrolls\, and their lore gained with long austerities
What do those who perform the rite of offering achieve?,They efface much sin and feed on the immortal food left of such sacrifice.
Where do those who feed on the food left from the offerings pass to?,To Brahma\, The Unending.
What is the consequence for someone who makes no sacrifice?,He hath nor part nor lot even in the present world.
What type of sacrifice is considered better than great gifts offered by wealth according to the text?,The sacrifice which Knowledge pays
Why is the worth of gifts determined by the mind which gives and the will that serves?,Because these qualities are gained by reverence\, by strong search\, and by humble heed of those who see the Truth and teach it
What are the consequences of knowing the Truth as described in the text?,The heart will no longer ache with error\, and all things will be subdued to thee\, as thou to Me
What is described as being able to bear even the worst wrong-doer safely across the sea of transgressions?,The fair ship of Truth
What does the flame of Knowledge do to the works' dross according to the text?,Wastes it away to ash
According to the text\, how can one find the purifier that is like no other in the world?,By seeking it and being grown perfect in oneself
What does the soul achieve when it masters itself and cleaves to Truth?,It comes to possess knowledge and attains the higher peace\, the uttermost repose.
Who does not find peace or happiness according to the text?,Those untaught\, those without full faith\, and those who fear.
How does one become emancipated and enlightened?,By being self-contained\, vanquishing doubt\, and disparting self from service\, soul from works.
What is Arjuna advised to cut with the sword of wisdom?,The doubt that binds his heart-beats
What does Krishna refer to as the bond born of ignorance?,The doubt that binds Arjunas heart-beats
What does Arjuna ask Krishna to clarify regarding his teachings?,Arjuna asks Krishna to explain which is the better way between Surcease of works and Service through work.
What is described as the better way between ceasing from works and doing works in holiness?,Doing works in holiness is the better way.
Who is considered the true Renouncer according to the text?,The true Renouncer is one who\, seeking nought and rejecting nought\, dwells proof against the opposites.
What do wise men understand about Sankhya and Yoga?,Wise men know that Sankhya and Yoga are not two separate paths\, and engaging in one yields the benefits of both.
What is the ultimate destination that both Sankhyans and Yogins reach according to the text?,The region of high rest
What qualities must one possess to be considered a Yogayukt?,Fixed in holiness\, self-ruled\, pure-hearted\, lord of senses and of self\, lost in the common life of all which lives
How does one achieve the state of being untouched by the taint of deeds?,By becoming a Yogayukt and wending straightway to Brahm
What does a person who holds the truth of truths believe about their actions?,Nought of myself I do!
What analogy is used to describe how the world of sense affects the soul of the person who acts in thought of Brahm?,The world of sense can no more stain his soul than waters mar th enamelled lotus-leaf.
How does one act when they are detached from the end result of their actions and content with the act itself?,Detaching end from act\, with act content.
What do Yogins renounce to gain endless peace?,Renouncing fruit of deeds
What is the town which hath nine gateways referred to in the text?,The embodied sages soul
How do the passion-bound individuals differ from the Yogins in their pursuit?,Seeking a fruit from works\, they are fastened down
Who is described as the Master of this World in the text?,The Lord
What does the text say about the Master of this World's involvement in human deeds?,The Master of this World takes on himself the good or evil deeds of no man.
What happens when the darkness of the soul is chased by light according to the text?,The Truth shines splendid and clear as if a Sun of Wisdom sprang to shed its beams of dawn.
What happens to the souls that stay focused on Him according to the Bhagavad Gita?,The souls illuminated take that road which hath no turning back and their sins are flung off\, by strength of faith.
Who is considered equal in the eyes of one who wisely sees\, according to the text?,The Brahman with his scrolls and sanctities\, the cow\, the elephant\, the unclean dog\, and the Outcast gorging dogs meat are all one.
How is the world overcome according to the Bhagavad Gita?,The world is overcome by those who fix their faith on Unity.
Where does the sinless Brahma dwell according to the text?,In Unity
What does the sage whose soul holds off from outer contacts find in himself?,Bliss
Why are the joys springing from sense-life considered to breed sure griefs?,Because those joys begin and end
What qualities does a man achieve if he masters lust and anger according to the Bhagavad Gita?,He is blest\, becomes the Yukta\, and attains happiness\, contentment\, and light
What happens to a man's life when he masters his desires and merges it with Brahma's life?,His life is merged in Brahmas life and he touches Nirvana
How do the Rishis find rest according to the text?,The Rishis go to rest with sins effaced\, doubts at end\, and hearts governed and calm
What is the emotional state of those who live nigh to the peace of God according to the Bhagavad Gita?,Glad in all good
What qualities do individuals possess who live near the peace of God?,They live exempt from greed and wrath\, subduing self and senses\, knowing the Soul
What are the benefits of passing days exempt from greed and wrath as stated in the text?,Living nigh to the peace of God
What does the Saint do to obtain deliverance according to the text?,The Saint shuts outside his placid soul all touch of sense\, lets no contact through\, controls his breath\, and puts away passion\, fear\, and rage.
How does the Saint control his breathing?,The Saints outward breath and inward breath are drawn equal and slow through nostrils still and close.
What is the result of the Saint constraining his organs\, heart\, and mind?,He obtains deliverance\, ever and ever freed.
Who is described as the Lord of Worlds and Lover of all that lives in the Bhagavad Gita?,God unrevealed
What is the title of Chapter V of the Bhagavad Gita?,Karmasanyasayog or The Book of Religion by Renouncing Fruit of Works
According to Krishna in Chapter 6\, what should a man do to be considered practicing the religion of self-restraint?,Do work rightful to do\, not seeking gain from work
What is the common identity between a Sanyasi and a Yogi according to the text?,Both are regarded as true Renouncers if they worship by work
Why is a person considered neither a Sanyasi nor a Yogi?,Because he neither lights the flame of sacrifice nor sets hand to task
How does a perfect Yogin act according to the text?,A perfect Yogin acts unmovable by passions and unbound by deeds\, setting result aside
What happens when the Soul rules over the Self?,Soul is Selfs friend.
How does the Soul become the Self's enemy?,Self turns enemy if Souls own self hates Self as not itself.
What describes the state of a person who is self-governed and at peace?,The sovereign soul is centred in itself\, taking alike pleasure and pain; heat\, cold; glory and shame.
Who is described as a Yogi in the text?,He who is glad with joy of light and truth\, dwelling apart upon a peak with senses subjugate\, and shows equal grace to all.
What are the signs by which a Yogi is known according to the text?,A Yogi is known by being of equal grace to all\, loving alike friends\, strangers\, enemies and others\, and showing no difference between a clod\, a rock\, and glistering gold.
How should a Yogi conduct himself in his meditation practices?,A Yogi should sit sequestered\, steadfastly meditating\, solitary\, with controlled thoughts and passions laid away\, quit of belongings.
Where should one's fixed abode be located according to the Bhagavad Gita?,In a fair\, still spot\, not too much raised\, nor yet too low
What are the goods mentioned that one should have in the Bhagavad Gita?,A cloth\, a deerskin\, and the Kusa-grass
Why should the abode not be too much raised or too low?,To maintain a fair\, still environment
What should one focus on to achieve pureness of soul according to the Bhagavad Gita?,Setting hard his mind upon The One\, restraining heart and senses\, and being silent and calm.
How should the body be positioned to accomplish Yoga as described in the text?,Holding immovable body\, neck and head\, with gaze absorbed upon his nose-end.
What is the ultimate peace that the devoted Yogin attains?,The peace beyond\, My peace\, the peace of high Nirvana.
What does the text identify as true piety?,True piety is identified as removing Earth-aches and ills by being moderate in eating\, resting\, and sport\, measured in wish and act\, and maintaining a balanced schedule of sleep and waking for duty.
Who does the text suggest does not possess true religion?,The text suggests that those who either fast too much\, feast too much\, sleep excessively with an idle mind\, or wear themselves out with too many vigils do not possess true religion.
How does the text describe the appropriate behavior for sleeping and waking?,The text describes the appropriate behavior as sleeping betimes and waking betimes for duty.
What happens when a man centers his thoughts on his soul while keeping them strictly restrained from the stress of sense?,He is considered Yukta.
What is the likeness used to describe the Yogi's mind?,Steadfast a lamp burns sheltered from the wind.
What does the Self experience when it contemplates itself and is soothed with holy wont?,It knows the nameless joy beyond all scope of sense\, revealed only to soul.
What should be deemed when holding the farther Truth?,No other treasure comparable
What state is described when one cannot be stirred or shook by any gravest grief?,Peace
How should the will toil to achieve the state of Yoga?,Steadfastly\, until efforts end in ease and thought has passed from thinking
What should one shake off to achieve a gift of peace according to the Bhagavad Gita?,All longings bred by dreams of fame and gain
How does one close the doorways of the senses in the process described in the Bhagavad Gita?,By shutting them close with watchful ward
What is the state of the mind and soul when peace is assured according to the Bhagavad Gita?,The mind dwells self-wrapped\, and the soul broods cumberless
What should one do when the heart breaks from control according to the Bhagavad Gita?,Re-curb it and rein it back to the souls governance.
What is described as growing only in a tranquillised bosom and passionless spirit?,Perfect bliss.
What is the outcome for someone who vows his soul to the Supreme Soul and quits sin?,Passes unhindered to the endless bliss of unity with Brahma.
Who sees the Life-Soul resident in all things living?,He who is so vowed and so blended.
What happens to someone who discerns the presence of Me in all and all in Me?,I never let him go\, nor does he loosen his hold upon Me.
Where does a person dwell and live\, according to their understanding and worship of Me in the text?,In Me\, regardless of where he may dwell or what his life is like.
What is the defining characteristic of a well-perfected Yogi according to the text?,A well-perfected Yogi is one who sees one Life\, One Essence in the Evil and the Good.
Why does Arjuna see no fixity in the peace derived from equanimity?,Arjuna sees no fixity in the peace because the heart of men is unfixed\, rash\, tumultuous\, wilful and strong.
What analogy does Arjuna use to describe the difficulty of taming man's heart?,Arjuna thinks it is similar to holding the wayward wind to tame mans heart.
What is the nature of man's heart according to the text?,Mans heart is beyond denial\, hard to restrain\, and wavering.
How can one restrain a wavering heart according to the text?,A wavering heart can be restrained by habit and self-command.
What is said about the person who strives to master themselves?,The person who strives to master themselves shall win Yog if they stoutly strive thereto.
Who is being addressed as the Son of Pritha?,Krishna is addressing the Son of Pritha.
Why is the person mentioned not lost according to Krishna?,The person is not lost because no heart that holds one right desire treads the road of loss.
What does the speaker request from Krishna?,The speaker requests Krishna to answer his question since only Krishna can clear his doubt.
What happens to someone who fails in pursuing righteousness at the time of death?,He cometh at death unto the Region of the Just.
Where does one begin life again if born anew after dying while desiring righteousness?,In some fair home amid the mild and happy.
How rare is it for one to be born into a Yogin house after failing in their pursuit of righteousness?,It is rare and such birth is hard to be obtained on this earth.
What does the old desire cause a person to do unwittingly?,It draws him on unwittingly.
What is said to be the result of desiring the purity of Yog?,It is to pass beyond the Sabdabrahm\, the spoken Ved.
How does one ultimately plant his feet upon the farther path according to the text?,By being a Yogi\, striving strong and long\, purged from transgressions\, perfected by births following on births.
Who is considered the truest and best worshipper in Chapter VI of the Bhagavad-Gita?,He who worships Me with inmost soul\, stayed on My Mystery
What is Chapter VI of the Bhagavad-Gita entitled?,Atmasanyamayog\, or The Book of Religion of Self-Restraint
How can one come most surely unto perfect hold of Krishna according to Chapter 7?,By setting the soul ever on Krishna\, still exercising Yog\, and making Krishna the Refuge
What does the speaker promise to declare to the listener?,The utmost lore\, whole and particular\, which\, when known\, leaves no more to know in this world.
How rare is it for someone to truly know the speaker as the very Truth?,Of many thousand mortals\, one\, perchance\, strives for Truth; and of those few that strive and rise high\, only one here and there knows the speaker as the very Truth.
What are the components that make up the speaker's lower Nature?,Earth\, water\, flame\, air\, ether\, life\, mind\, and individuality make up the speakers lower Nature.
What does the text describe as the principle that produces the Universe?,The principle of life
Who claims to be the womb from which the Universe is made and unmade?,I am that womb
What are some manifestations of I as described in the text?,The fresh taste of the water\, the silver of the moon\, the gold of the sun\, the word of worship in the Veds\, the thrill that passeth in the ether\, and the strength of mans shed seed
What does the speaker claim to be the source of in the text?,The root Undying\, whence hath sprung whatever is
How does the speaker describe themselves in relation to passion and desire?,Free from passion and desire
What does the speaker embody for those who yearn?,Right desire
What are the three qualities of being mentioned in the text?,Soothfast\, passionate\, or ignorant
Why is the world deceived according to the text?,The world is deceived by the three qualities of being
How can one pierce the veil that hides the Eternal One?,They who worship Me can pierce it and pass beyond
Who are unable to know the speaker according to the Bhagavad Gita text?,Evil-doers\, foolish ones\, the base and churlish\, those whose mind is cheated by the show of things\, and those that take the way of Asuras
What types of mortals know the speaker in the Bhagavad Gita?,He who weeps\, the man who yearns to know\, he who toils to help\, and he who sits certain of me\, enlightened
How does the text describe those who are deceived by appearances?,Their mind is cheated by the show of things
Who is considered the highest\, nearest\, and best according to the text?,The devout soul\, wise\, intent upon The One
What is the ultimate relationship between the devout soul and The One?,The devout soul is dearest unto The One\, and The One is dearest to the devout soul
How do true-hearted and faithful individuals regard The One?,They take The One as their utmost blessedness and are stayed on The One
Who is referred to as That man who sayeth\, All is Vasudev?,The wise Mahatma
What do people with diverted knowledge serve according to the text?,Some lower gods
What does the speaker claim to provide to all worshippers regardless of the shrine?,Faith
What happens to the fruits of worship of those with little minds?,Soon is withered what small fruit they reap
Where do the worshippers of lesser gods go after their worship?,They go where they worship\, passing with their gods
How is the true Self of the speaker described in the text?,Imperishable\, viewless\, undeclared\, hidden behind a magic veil of shows
Why do all creatures live bewildered according to the text?,By passion for the pairs of opposites\, and by those twain snares of Like and Dislike.
Who are the ones that do not live bewildered\, as mentioned in the text?,Some few who are quit of sins\, holy in act\, informed\, freed from the opposites\, and fixed in faith.
What do those who seek refuge in Me obtain\, according to the text?,Those who seek in Me refuge from birth and death have the Truth.
What are the different aspects of the deity described in Chapter VII of the Bhagavad Gita?,Soul of Souls\, Lord of Life\, Lord of all the Gods\, and Lord of Sacrifice.
How does Chapter VII of the Bhagavad Gita suggest one should worship the deity?,Worship well\, with hearts of love and faith.
What is the title of Chapter VII of the Bhagavad Gita?,Vijnanayog\, or The Book of Religion by Discernment.
What is the name given to the Soul of Souls in the text?,ADHYATMAN
Who declares themselves as BRAHMA\, the One Eternal GOD?,Krishna
What does Krishna identify as his Being's name?,ADHYATMAN
What is the cause of all life according to the text?,KARMA
Who is described as the Lord of all the Gods?,ADHIDAIVA
What happens to one who meditates solely on Me at the time of death?,He comes forth to Me and enters into My Being
Who is referred to as Kuntis Son' in the text?,The person being addressed in the text is referred to as Kuntis Son.
What happens to the soul at the hour of death according to the text?,The soul goes to what it looked for.
How can one come to Me\, as mentioned in the text?,One can come to Me by having a heart and mind fixed on Me\, with a never-wavering will and firmest faith\, owning no other Gods.
Who is described as Lord of sage and singer and Ancient of days in the text?,Me
What is the significance of knowing the form of Me as described in the text?,It brings the right life and transcends mortal knowing.
How is the effulgence of Me compared to the sun in the text?,More brightly glowing than the suns burning gold and dispersing darkness.
What state of mind is described for someone at the hour of death in the Bhagavad Gita?,With mind set fast and trustful piety
What is the destination named in the Bhagavad Gita for those who pass away in peace?,Purushas heaven
Who are said to follow the same road to AKSHARAM as described in the Bhagavad Gita?,Saints and ascetics
What does one need to do to follow the highest way according to the Bhagavad Gita?,One needs to shut the gates of all his senses\, lock desire in his heart\, center the vital airs upon his parting thought\, and\, while murmuring OM\, the sacred syllable\, die meditating on Me.
What is the significance of the syllable OM in the text?,OM is the emblem of BRAHM.
What happens to the yogis who focus solely on Me and gain Me\, as per the text?,They do not fall back to birth and life\, which is a place of pain\, but take the way of utmost blessedness.
What happens to the worlds\, including Brahma's world\, according to the text?,The worlds\, including Brahmas world\, roll back again from Death to Lifes unrest.
Who are those that taste birth no more as mentioned in the text?,Those that reach to Me taste birth no more.
What occurs during Brahmas Day and Brahmas Night?,During Brahmas Day\, the Invisible is brought anew into the Visible\, and during Brahmas Night\, all which is fades back again to Him Who sent it forth.
What happens to the vast company of living things at Brahma's Nightfall?,It expires
What is described as enduring when all created things have passed away?,The Life named the Unmanifest\, The Infinite\, the All\, the Uttermost
What is the fate of those who arrive at the Life referred to as the Unmanifest\, the Infinite?,None return
Who is described as the one who spread the Universe around?,The PURUSHA
What is said to be greater than gifts\, better than prayer or fast?,Such wisdom
What is the ultimate result for a Yogi who knows this way?,Comes to the Utmost Perfect Peace at last
What is the title of Chapter VIII of the Bhagavad-Gita?,Aksharaparabrahmayog\, or The Book of Religion by Devotion to the One Supreme God
What will Krishna reveal in Chapter 9 of the Bhagavad-Gita?,The last lore\, deepest-concealed\, that farthest secret of His Heavens and Earths
Why is the knowledge Krishna offers described as a royal lore and kingly mystery?,Because it is a profound secret that sets the knower free from ills
What does the soul's light do according to the text?,It purgeth the soul from every sin and shines with a light of holiness.
What happens to those who fail in faith to grasp the greater wisdom?,They do not reach the Destroyer of foes and sink anew into the realm of Flesh\, where all things change.
How is the Universe described in relation to the speaker in the text?,The whole vast Universe of things is spread abroad by the speaker\, the Unmanifest\, and all existences are contained in the speaker\, but not the speaker in them.
What does the speaker claim about their being in relation to all things?,The speaker claims that their Being creates and sustains all\, yet still dwells outside of all.
How does the speaker illustrate the relationship between themselves and all things?,The speaker compares their relationship to all things as space is to the moving airs within it\, stating that all things are in them but are not them.
What happens at the beginning and closing of each Kalpa according to the speaker?,At the closing of each Kalpa\, all things return to the speakers Being\, and at the beginning of each Kalpa\, all things issue new-born from them.
Who makes the realms of visible things go forth repeatedly?,The outer Self of Prakriti with the Energy
What is the relationship of the speaker to the creations mentioned in the text?,The speaker sits apart from them\, Other\, Higher\, and Free\, not involved or enchained.
How do the worlds continue according to the text?,The worlds go on by the stuff of worlds\, molded by the speaker\, bringing forth all that is\, moving or still\, living or lifeless.
What do untaught minds fail to see according to the text?,They fail to see the secret Presence and the hidden Nature of the veiled form\, ruling all which lives.
How do the Mahatmas worship according to the text?,The Mahatmas worship with hearts unwandering\, knowing the Source\, the Eternal Source\, of Life.
What is the nature of the path followed by those of noble soul?,They tread the path celestial.
What do people constantly do to glorify the entity described in the text?,They glorify Me; seek Me; keep their vows of reverence and love\, with changeless faith adoring Me.
How do those who have a sense of one pervading Spirit express their adoration?,Those who have a sense of one pervading Spirit express their adoration by offering sacrifice of wakened hearts.
What various forms or roles does the speaker claim to embody?,The speaker claims to be the Sacrifice\, the Prayer\, the Funeral-Cake set for the dead\, the healing herb\, the ghee\, the Mantra\, the flame\, and that which burns.
What roles does the speaker claim to embody within the universe?,The Father\, Mother\, Ancestor\, and Guard.
What sacred texts does the speaker identify as?,Rig-Veda\, Sama-Veda\, Yajur-Ved.
How is the speaker described in relation to life?,The Fountain and the Sea of Life which sends\, and swallows up.
What powers does the speaker claim to have in the text?,The speaker claims the power to control the suns heat\, grant or withhold rain\, embody death\, and represent immortal life.
What happens to those who learn the threefold Vedas and drink the Soma-wine according to the text?,They earn passage to Swarga\, where they are fed divine meats by great gods in high Indras heaven.
What is the ultimate fate of those who go to Swarga as described in the text?,After their time in Swarga\, they return to the world of death and change once more.
What do those who follow the threefold Scripture and its writ seek?,They seek the fleeting pleasure of joy which comes and goes.
What does the speaker promise to those who worship Him\, focusing only on Him?,He brings assurance of full bliss beyond.
How does the speaker regard the prayers of those who follow other gods in simple faith?,Their prayers arise to him.
Who is referred to as the Receiver and the Lord of every sacrifice?,I am the Receiver and the Lord of every sacrifice.
What happens to those who wrongfully pray according to the text?,They fall to earth again.
What offerings does the speaker accept when made in faith and love?,A leaf\, a flower\, a fruit\, water poured forth.
What activities should be done for Krishna according to the Bhagavad Gita?,Eating\, sacrificing\, giving gifts\, praying\, and fasting should all be done for Krishna.
How can one free themselves from Karmabandh according to the Bhagavad Gita?,One can free themselves from Karmabandh by doing all deeds for Krishna\, and through faith and abdication joined to Him.
What is Krishna's stance towards all beings?,Krishna is alike for all and knows neither hate nor favour.
What happens to someone of evil life who turns their thoughts to the speaker?,They are counted among the good and shall grow righteous and attain unchanging peace.
Who does the speaker assure cannot perish by trusting in them?,The Prince of India\, and anyone who turns to the speaker.
Are individuals from lower castes such as Vaisyas and Sudras able to attain the highest path according to the text?,Yes\, individuals from all castes\, including Vaisyas and Sudras\, can plant foot upon the highest path if they turn to the speaker.
What are the faithful instructed to set their hearts and thoughts on in Chapter IX of the Bhagavad Gita?,Me
What title is given to Chapter IX of the Bhagavad Gita?,Rajavidyarajaguhyayog\, or The Book of Religion by the Kingly Knowledge and the Kingly Mystery
How can one's spirits be guided to rest according to the text?,By making Me your supremest joy and being undivided
Who is the speaker addressing as the Long-Armed Lord?,thou
What is the purpose of the speaker's latest words?,to bring thee bliss and peace
Who alone knows the Nature of the speaker\, according to the text?,He who seeth Me\, Lord of the Worlds\, with faith-enlightened eyes
What are some qualities and emotions mentioned as gifts in the Bhagavad Gita text?,Intellect\, skill\, enlightenment\, endurance\, self-control\, truthfulness\, equability\, grief or joy\, birth and death\, fearfulness\, fearlessness\, shame\, honour\, harmlessness\, peace\, mirth\, tears\, piety\, and thrift.
Who is the source of all the qualities and emotions listed in the text?,My gift\, implying the divine or God as the source.
What does the text suggest about the nature of peace?,Peace is the same whatever befalls.
What did the Seven Chief Saints\, the Elders Four\, and the Lordly Manus share in?,Sharing My work to rule the worlds
How were the Rishis\, Pitris\, Manus\, and the races of mankind created according to the text?,By one thought of My mind
What happens to someone who comprehends the Reign of mystic Majesty?,They are thenceforth linked in faultless faith to Me
Who is the source of all creatures according to the text?,Me
What do the wise in spirit do to achieve happiness and peace?,They cleave to Me\, fix their hearts on Me\, breathe to Me\, and praise Me
How does the entity referred to as Me help those who love ceaselessly?,By giving them a mind of perfect mood to draw to Me\, dwelling within their darkened souls\, and dispelling their ignorance with bright rays of wisdoms lamp
Who declared Arjuna as Parabrahm?,Narada\, Vyasa\, Asita\, and Devalas
What does Arjuna acknowledge about the understanding of the divine mystery?,Neither gods nor men nor demons comprehend Thy mystery
How does Arjuna refer to the divine entity addressing him?,Maker Supreme\, Master of all the living\, Lord of Gods
Who is referred to as the King of the Universe in the text?,Thee\, which refers to Krishna
What does the speaker want to learn about?,The speaker wants to learn about the heavenly excellence of the perfections that fill the worlds\, and how to know Krishna
Why does the speaker request Krishna to recount his great appearances and secrets again?,Because the speaker finds great delight in Krishnas words and feels that never enough can his ears drink the Amrit of such words
Who is the speaker claiming to be in every creature's heart?,The Spirit
What are some manifestations of the speaker's majesty?,Vishnu of the Adityas\, Maritchi of the Maruts\, the golden Sun\, and the dappled Moon
How do creatures relate to the speaker according to the text?,They come from the speaker\, live by the speaker\, and depart at the speakers word
What does the Bhagavad Gita identify as the representation of sacred speech?,OM
Who is recognized as the judge among those that judge according to the Bhagavad Gita text?,Yama
Which entity is described as embodying Time itself in the Bhagavad Gita?,Times self
Who is described as the First\, Last\, and Centre of all in the text?,I am
What does the speaker claim to be in terms of wisdom?,Wisdom Supreme of what is wise
What does the speaker embody in relation to human senses?,Words on the uttering lips and eyesight of the eyes
What is referred to as A of written characters in the text?,A
What does the text identify as the cause of joyous sudden Birth?,Which brings to light all beings that are to be on earth
Which season is described as the flower-wreathed Spring?,Spring
Who is referred to as the goodness of the good?,Vasudev of Vrishnis race
What role does Vyasa play among the saints according to the text?,sage divine
Why can none of the beings\, whether living or lifeless\, exist without?,None of them is in all the worlds\, but it exists by Me
What is the source of all wondrous work\, majesty\, and might according to the text?,From Me hath all proceeded.
What is the title of Chapter X of the Bhagavad Gita?,Vibhuti Yog\, Or The Book of Religion by the Heavenly Perfections.
Why might Arjuna find it challenging to comprehend the vastness of the word?,Because the speaker\, who created everything\, remains its separate Lord.
What did the speaker learn from Thee that brought peace to his soul?,The unfolding of the Mystery Supreme Named Adhyatman
What effect did comprehending the Mystery Supreme have on the speaker?,His darkness is dispelled
What desires does the speaker express to the Sovereign Lord?,To see the likeness of the glory of Thy Form wholly revealed
Who asks to see the true form of the Lord of all prayers?,The Son of Pritha
What does Krishna promise to show the Son of Pritha?,His hundred thousand thousand shapes that clothe his Mystery\, his changeful hues\, and countless forms
Which divine figures are visible in Krishna's face according to the text?,Adityas\, Vasus\, Rudras\, Aswins\, and Maruts
Who cannot see GOD with human eyes according to the text?,Arjuna
What does GOD grant to Arjuna to enable him to see the divine glory?,Sense divine and new light
What did Sanjaya witness being displayed to Pritha's Son?,All the splendour\, wonder\, dread of His vast Almighty-head
What does the text describe as being countless in the form?,Eyes\, mouths\, mystic forms\, radiant glories\, and heavenly weapons
What is unique about the form's appearance?,Crowned with garlands of star-clusters and robed in garb of woven lustres
How does the form affect the spaces around it?,It overspreads all spaces with blinding brilliance and His all-regarding faces
What metaphor is used to describe the majesty and radiance of the Holy One?,Sunburst of a thousand suns flooding earth with beams undeemed-of.
Whose son beheld the universe's diversity merged into one vast shape?,Pandus son.
How is the God of Gods described in the text?,Subtle\, splendid\, Nameless\, the All-comprehending\, the Never-Ending Deity.
What is Arjuna's reaction upon seeing the divine form?,Arjuna is amazed\, thrilled\, overfilled\, dazzled\, and dazed\, and he knelt\, bowed his head\, clasped his palms\, cried\, and spoke.
Who does Arjuna claim to see in the divine form?,Arjuna claims to see the gods\, creatures of earth\, heaven\, and hell\, and the features of Brahma\, saints\, sages\, and the serpent races Ananta and Vasuki.
What does Arjuna acknowledge about the divine form's encompassment?,Arjuna acknowledges that everything is wrapped in the divine form\, indicating all beings dwell within it and all features shine in its countenance.
What does the speaker see in the described vision?,The speaker sees thousand thousand arms\, breasts\, faces\, and eyes.
What is the nature of the entity described in the text?,The entity is described as perfect\, diversified\, with no end\, no beginning\, and no center.
How is the central Self of the entity portrayed?,The central Self is portrayed as all-wielding and all-winning.
What items is Thee described as having in the text?,The anadem\, the club\, the shell\, the discus
What effect does Thee's brilliance have on the surroundings?,It lights up earth\, heaven\, and hell\, turning darkness into dazzling day
How does the brilliance of Thee appear?,Blazing\, glowing\, flashing
Who is being worshiped in the text?,Thee\, the Undivided
What is described as the Treasure-Palace in the text?,Thee\, the Undivided
Why is Thee referred to as the Shield in the text?,To shelter Virtues laws
What are described as the glories rolled from the great eyes in the text?,Silver of moon and gold of sun
What fills the worlds with wonder according to the text?,Thy perfections
Where is the Holy\, Marvellous Form found according to the text?,In every spot from pole to pole of the Blue\, from bound to bound
What is the reaction of the Three Worlds upon seeing Thee?,The Three Worlds quake
Who are the beings that draw nigh and worship Thee?,The lower gods
What do the Rishis and Siddhas do in response to Thee?,They cry Hail! Highest Majesty
Who are mentioned as taking up the hymn of glory in praise of Thee?,Rudras\, Adityas\, Vasus\, Sadhyas\, Viswas\, Ushmapas\, Maruts\, Aswins\, Gandharvas\, Rakshasas\, Siddhas\, and Asuras
What are the Rudras associated with?,Rudras ride the storms
How do the celestial beings react upon seeing Thee?,They revere in sudden-stricken fear
What is the physical appearance of Thee as described in the text?,Thee has a form stupendous\, with manifold faces\, unnumbered vast arms\, and members tremendous\, flanks lit with sun and star\, feet planted near and far\, tushes of terror\, and mouths both wrathful and tender.
How do the Three wide Worlds respond to the sight of Thee?,The Three wide Worlds adore Thee\, and quake at witnessing so much splendour.
What unique features do Thee's eyes possess?,Thees eyes can behold everything and are unnumbered.
How is the figure described in the text depicted in the sky?,The figure is depicted as striking the skies with a front that is huge\, rainbow-painted\, and glittering.
What is the reaction of the speaker upon seeing the figure?,The speakers strength of soul has fled\, the hearts force is gone\, and the minds desire is rebuked.
What physical features of the figure are highlighted in the text?,The figures mouth is opened\, and it has orbs which see all things in all its worlds\, and it has awful brows a-glow\, burning glance\, and lips lighted by fire.
What does the speaker fail to see according to the text?,Earth and Heaven
Who are identified as being caught and crushed in the wide-opened throat?,Great Dhritarashtras sons\, Bhishma\, Drona\, and Karna
What happens to the Kings and Chiefs within the gaping gorge?,They are drawn in\, torn and riven
What is the behavior of the streams described in the text?,The streams are described as down-driven with helpless haste\, going straight to the gulﬁng deeps of the ocean in a headlong furious flow.
To what are the heroes compared in their actions?,The heroes are compared to moths which flutter towards a light at night\, drawn to their fiery doom.
How do the multitudes approach their death according to the text?,The multitudes approach their death in a blind\, dazzled manner\, borne along ceaselessly and wildly flying.
Who is described as devouring creatures in the text?,Thou\, that hast fashioned men
What effect do the terrors of the Lord God have on the earth according to the text?,Filling life full\, from birth to death\, with deadly\, burning\, lurid dread
Why does the speaker request to know the nature of Vishnu's visage?,Because Vishnu is feasting upon the dead
Why does Krishna describe Himself as having a fierce face?,Krishna describes Himself as Time who kills and brings all to doom\, the Slayer Time\, Ancient of Days\, come to consume.
What assurance does Krishna give regarding the outcome of the battle?,Krishna assures that except for the questioner\, all the hostile chiefs will not survive the battlefield.
What does Krishna encourage the questioner to do?,Krishna encourages the questioner to not be dismayed\, to arise\, obtain renown\, destroy foes\, and fight for the kingdom that awaits after vanquishing those foes.
Who is the speaker of the passage encouraging to strike at Drona and Bhishma?,The speaker is encouraging the strong-armed Prince to strike at Drona and Bhishma.
What is the role of the strong-armed Prince in the battle according to the speaker?,The strong-armed Prince is the instrument through which the speaker deals death to the enemies.
Why does the speaker claim that the enemies will perish?,The speaker claims that the enemies will perish because it is his command or will that bids them to perish.
Who clasped his lifted palms and stood praying for the grace of Krishna?,The helmed Lord
What reaction do the Rakshasas have at the sight of Krishna?,They are sped to all four quarters in dread
Why do the Siddhas sound Thy name according to Arjuna?,Because of Krishnas Majesties\, being Divinest\, Mightiest
Who is referred to as the Infinite Creator and God of gods in the text?,Thou Brahm
What is described as the Dwelling-place and Rest of Life according to the text?,Thou Brahm
Why is Thou Brahm called the Treasure-Claimer?,Because He stored the worlds with wealth of life
Who is referred to as He who keeps the prison Of Narak in the text?,Yama dark
What natural elements are described as being manifestations of the deity in the text?,Vayu\, Agnis spark\, Varunas waves\, moon and starlight
